1,Juan 1,Perez 1,5429160505,2071075
2,Juan 2,Perez 2,7260441221,8755725
3,Juan 3,Perez 3,6022727726,1802284
4,Juan 4,Perez 4,6929029107,5654188
5,Juan 5,Perez 5,2431097748,1072641
6,Juan 6,Perez 6,5453594881,1263607
7,Juan 7,Perez 7,7836757130,4724307
8,Juan 8,Perez 8,8692519460,7624553
9,Juan 9,Perez 9,5656478634,9248025
10,Juan 10,Perez 10,3952341715,9532881
11,Juan 11,Perez 11,9047973918,4341559
12,Juan 12,Perez 12,5118421466,8607889
13,Juan 13,Perez 13,9341634440,6015821
14,Juan 14,Perez 14,5425210624,2466647
15,Juan 15,Perez 15,7792264461,4634362
16,Juan 16,Perez 16,5087216746,5902580
17,Juan 17,Perez 17,1532054783,9410725
18,Juan 18,Perez 18,7967244094,8198988
19,Juan 19,Perez 19,9846440903,8028830
20,Juan 20,Perez 20,3070318673,9638230
21,Juan 21,Perez 21,5496847904,7663657
22,Juan 22,Perez 22,6400031337,2150786
23,Juan 23,Perez 23,5091150001,1353449
24,Juan 24,Perez 24,6121691014,6627749
25,Juan 25,Perez 25,4177422793,3234391
26,Juan 26,Perez 26,9552954695,4268719
27,Juan 27,Perez 27,4679590752,3112548
28,Juan 28,Perez 28,3374334820,2001505
29,Juan 29,Perez 29,6819905033,4223312
30,Juan 30,Perez 30,4701921839,7451841
31,Juan 31,Perez 31,9726260166,5279482
32,Juan 32,Perez 32,5702150812,4203226
33,Juan 33,Perez 33,8440594157,7751768
34,Juan 34,Perez 34,7403227873,4798910
35,Juan 35,Perez 35,2790944453,6064441
36,Juan 36,Perez 36,8118474197,1684396
37,Juan 37,Perez 37,5561900966,1056105
38,Juan 38,Perez 38,1723437590,6356081
39,Juan 39,Perez 39,8430028009,5421710
40,Juan 40,Perez 40,9487992507,6134960
41,Juan 41,Perez 41,2869072328,8612011
42,Juan 42,Perez 42,3245307136,5968368
43,Juan 43,Perez 43,1886580495,8221713
44,Juan 44,Perez 44,7109848477,5930881
45,Juan 45,Perez 45,2780440898,2523028
46,Juan 46,Perez 46,1414790265,8714608
47,Juan 47,Perez 47,5719971592,5286068
48,Juan 48,Perez 48,6827478679,6398778
49,Juan 49,Perez 49,1561609826,3308007
50,Juan 50,Perez 50,9764841707,2597349
51,Juan 51,Perez 51,2183801135,7620045
52,Juan 52,Perez 52,6259145735,2244527
53,Juan 53,Perez 53,7893917346,5874616
54,Juan 54,Perez 54,1708914445,5558169
55,Juan 55,Perez 55,1931121593,3744924
56,Juan 56,Perez 56,1945984704,2973006
57,Juan 57,Perez 57,1876081317,1786050
58,Juan 58,Perez 58,7691264767,6810891
59,Juan 59,Perez 59,3140747669,4927676
60,Juan 60,Perez 60,3172085965,7752725
61,Juan 61,Perez 61,6127986535,1864121
62,Juan 62,Perez 62,1649175332,3133709
63,Juan 63,Perez 63,6995229396,8378060
64,Juan 64,Perez 64,2434970227,6815355
65,Juan 65,Perez 65,8498770736,4424684
66,Juan 66,Perez 66,9865745811,5232459
67,Juan 67,Perez 67,2494989831,8183736
68,Juan 68,Perez 68,1596614722,8404695
69,Juan 69,Perez 69,9471219975,5035484
70,Juan 70,Perez 70,9806366943,8042345
71,Juan 71,Perez 71,8721910297,2260076
72,Juan 72,Perez 72,8706877284,4497619
73,Juan 73,Perez 73,5718874194,8099608
74,Juan 74,Perez 74,2129349800,2684227
75,Juan 75,Perez 75,6105116329,2987813
76,Juan 76,Perez 76,5578880590,7530466
77,Juan 77,Perez 77,4141417526,8241466
78,Juan 78,Perez 78,4090766170,8345368
79,Juan 79,Perez 79,7333993454,2259917
80,Juan 80,Perez 80,1430466636,7454198
81,Juan 81,Perez 81,5441445795,3887184
82,Juan 82,Perez 82,2922012462,2147139
83,Juan 83,Perez 83,8414201644,3692525
84,Juan 84,Perez 84,3420655042,7325428
85,Juan 85,Perez 85,4723022010,5088789
86,Juan 86,Perez 86,1515444082,8434617
87,Juan 87,Perez 87,9870020827,2099485
88,Juan 88,Perez 88,4022076954,1559327
89,Juan 89,Perez 89,4592818387,6646978
90,Juan 90,Perez 90,2337182402,3887992
91,Juan 91,Perez 91,7211473489,7840380
92,Juan 92,Perez 92,1797310223,9266340
93,Juan 93,Perez 93,9481271849,3765191
94,Juan 94,Perez 94,6920558055,6893871
95,Juan 95,Perez 95,2729390806,6539585
96,Juan 96,Perez 96,3753266400,5303910
97,Juan 97,Perez 97,6239764408,3108270
98,Juan 98,Perez 98,9338070320,2821853
99,Juan 99,Perez 99,1289461182,1998883
100,Juan 100,Perez 100,2899400865,7804821
101,Juan 101,Perez 101,8489294174,1192563
102,Juan 102,Perez 102,1309613677,4362080
103,Juan 103,Perez 103,5293965762,4735355
104,Juan 104,Perez 104,1946497429,7626642
105,Juan 105,Perez 105,7578503695,8162489
106,Juan 106,Perez 106,8271821173,5385893
107,Juan 107,Perez 107,2271807430,9539961
108,Juan 108,Perez 108,4235012651,1933093
109,Juan 109,Perez 109,2477778281,8627045
110,Juan 110,Perez 110,3406428521,8930036
111,Juan 111,Perez 111,1878519884,4300284
112,Juan 112,Perez 112,4603482104,7462036
113,Juan 113,Perez 113,4539726397,3269397
114,Juan 114,Perez 114,5139486726,6117934
115,Juan 115,Perez 115,1102404268,7827295
116,Juan 116,Perez 116,7549401837,7703508
117,Juan 117,Perez 117,5896213178,9814770
118,Juan 118,Perez 118,9015140149,8587967
119,Juan 119,Perez 119,1945068507,9906631
120,Juan 120,Perez 120,1963387748,8333213
121,Juan 121,Perez 121,2729008180,1559672
122,Juan 122,Perez 122,3992803928,4836244
123,Juan 123,Perez 123,1407496142,2278602
124,Juan 124,Perez 124,4402093317,3859884
125,Juan 125,Perez 125,1588612367,6082995
126,Juan 126,Perez 126,6015416128,4995398
127,Juan 127,Perez 127,1363195180,5885598
128,Juan 128,Perez 128,8601567318,1256218
129,Juan 129,Perez 129,4407569921,5692264
130,Juan 130,Perez 130,6635623462,1757176
131,Juan 131,Perez 131,9679418418,1559362
132,Juan 132,Perez 132,1883366736,1452987
133,Juan 133,Perez 133,8006279486,7253950
134,Juan 134,Perez 134,9100899577,4959548
135,Juan 135,Perez 135,5117633420,5486467
136,Juan 136,Perez 136,5572358375,5287593
137,Juan 137,Perez 137,7450657526,7286737
138,Juan 138,Perez 138,7225637309,5454207
139,Juan 139,Perez 139,2682605202,5868325
140,Juan 140,Perez 140,4996496638,5822441
141,Juan 141,Perez 141,8078192694,7692972
142,Juan 142,Perez 142,4652250849,9300932
143,Juan 143,Perez 143,6925123323,2322518
144,Juan 144,Perez 144,9876601276,4400663
145,Juan 145,Perez 145,6536683497,7546920
146,Juan 146,Perez 146,1087993427,5790340
147,Juan 147,Perez 147,2398435293,6474035
148,Juan 148,Perez 148,6277960705,6522925
149,Juan 149,Perez 149,9685978883,9836487
150,Juan 150,Perez 150,1908499427,7547468
151,Juan 151,Perez 151,4734554972,6691840
152,Juan 152,Perez 152,8275721775,8131827
153,Juan 153,Perez 153,6280497570,3436026
154,Juan 154,Perez 154,3962250061,4164674
155,Juan 155,Perez 155,7300244028,4963437
156,Juan 156,Perez 156,4818575979,6758515
157,Juan 157,Perez 157,2981816771,9475094
158,Juan 158,Perez 158,1738918338,3743277
159,Juan 159,Perez 159,4361120828,2775578
160,Juan 160,Perez 160,4417809937,7094870
161,Juan 161,Perez 161,9887984566,4689018
162,Juan 162,Perez 162,8317832567,8281963
163,Juan 163,Perez 163,5847267735,6975322
164,Juan 164,Perez 164,7444829428,4987703
165,Juan 165,Perez 165,7475074427,2302816
166,Juan 166,Perez 166,9482543851,4998633
167,Juan 167,Perez 167,8252831965,2402729
168,Juan 168,Perez 168,5814203327,5328903
169,Juan 169,Perez 169,5200551448,2842447
170,Juan 170,Perez 170,3209023782,5302837
171,Juan 171,Perez 171,7694825456,6191696
172,Juan 172,Perez 172,2438502075,3210925
173,Juan 173,Perez 173,9257632768,6028708
174,Juan 174,Perez 174,6856263609,4875433
175,Juan 175,Perez 175,5196141398,9872923
176,Juan 176,Perez 176,5236363720,4531997
177,Juan 177,Perez 177,6733505968,1746142
178,Juan 178,Perez 178,4799123421,7447933
179,Juan 179,Perez 179,1429986022,5870698
180,Juan 180,Perez 180,3257335153,6479615
181,Juan 181,Perez 181,8639412076,6547220
182,Juan 182,Perez 182,5811585295,1090240
183,Juan 183,Perez 183,8451686459,8902482
184,Juan 184,Perez 184,7705494080,5584866
185,Juan 185,Perez 185,1795524813,4466555
186,Juan 186,Perez 186,8814763026,7055880
187,Juan 187,Perez 187,8854162154,2961809
188,Juan 188,Perez 188,4549230536,1231569
189,Juan 189,Perez 189,7833825772,8859980
190,Juan 190,Perez 190,4201682127,1327661
191,Juan 191,Perez 191,4134249898,3623421
192,Juan 192,Perez 192,2645644178,8029562
193,Juan 193,Perez 193,5985321264,7375019
194,Juan 194,Perez 194,6537317273,7478296
195,Juan 195,Perez 195,5057268525,1209526
196,Juan 196,Perez 196,4677016547,7425963
197,Juan 197,Perez 197,6617181256,8848668
198,Juan 198,Perez 198,4211513306,7387119
199,Juan 199,Perez 199,4445117782,1394538
200,Juan 200,Perez 200,6948096619,5354045
201,Juan 201,Perez 201,1866709561,7644666
202,Juan 202,Perez 202,2337120292,9966196
203,Juan 203,Perez 203,5954190321,7063819
204,Juan 204,Perez 204,5785483255,6239912
205,Juan 205,Perez 205,7513153788,4184406
206,Juan 206,Perez 206,7200688750,4870926
207,Juan 207,Perez 207,8763472127,5392070
208,Juan 208,Perez 208,6625858668,2523612
209,Juan 209,Perez 209,5438106433,2331090
210,Juan 210,Perez 210,1642643580,8379423
211,Juan 211,Perez 211,4402891431,4989759
212,Juan 212,Perez 212,3798134349,8789221
213,Juan 213,Perez 213,4793158608,6890398
214,Juan 214,Perez 214,8421982784,7843359
215,Juan 215,Perez 215,7995553157,3040230
216,Juan 216,Perez 216,7356747314,9032271
217,Juan 217,Perez 217,7095579759,9303131
218,Juan 218,Perez 218,5154754850,6181844
219,Juan 219,Perez 219,9818587013,7274621
220,Juan 220,Perez 220,2767667527,1846434
221,Juan 221,Perez 221,4360095453,8435682
222,Juan 222,Perez 222,5925756051,8665830
223,Juan 223,Perez 223,9312552653,4580461
224,Juan 224,Perez 224,5520318237,5802428
225,Juan 225,Perez 225,9449180541,9307955
226,Juan 226,Perez 226,5079499864,2604796
227,Juan 227,Perez 227,7091802933,6720422
228,Juan 228,Perez 228,9269032636,8459475
229,Juan 229,Perez 229,8581421585,2034444
230,Juan 230,Perez 230,5921913478,1312161
231,Juan 231,Perez 231,4574437394,7445183
232,Juan 232,Perez 232,9305460968,6462790
233,Juan 233,Perez 233,9510039232,9709650
234,Juan 234,Perez 234,5907988292,4361843
235,Juan 235,Perez 235,6271825264,6010364
236,Juan 236,Perez 236,7367932998,7084071
237,Juan 237,Perez 237,9338778735,4552976
238,Juan 238,Perez 238,8415863007,9204984
239,Juan 239,Perez 239,5316190822,7165682
240,Juan 240,Perez 240,2723780920,9117061
241,Juan 241,Perez 241,3907036355,1527873
242,Juan 242,Perez 242,3216673575,6150867
243,Juan 243,Perez 243,2577000416,1371929
244,Juan 244,Perez 244,4764447729,8477053
245,Juan 245,Perez 245,4742661669,7438633
246,Juan 246,Perez 246,2543525477,9872419
247,Juan 247,Perez 247,4166385699,3409519
248,Juan 248,Perez 248,2573234098,1747442
249,Juan 249,Perez 249,7739570042,5009864
250,Juan 250,Perez 250,3970052282,5015373
251,Juan 251,Perez 251,3169838374,9414361
252,Juan 252,Perez 252,2883968081,7551761
253,Juan 253,Perez 253,2314757959,4554268
254,Juan 254,Perez 254,5422372504,4577707
255,Juan 255,Perez 255,3188942082,1205620
256,Juan 256,Perez 256,3750906307,2504275
257,Juan 257,Perez 257,5617177720,9819966
258,Juan 258,Perez 258,4522273930,3539304
259,Juan 259,Perez 259,1289761189,5170156
260,Juan 260,Perez 260,2357365642,6959261
261,Juan 261,Perez 261,7665818584,6097783
262,Juan 262,Perez 262,3864612179,5619617
263,Juan 263,Perez 263,1487331394,7547988
264,Juan 264,Perez 264,8715025439,8260425
265,Juan 265,Perez 265,1368465980,5849462
266,Juan 266,Perez 266,2550830150,1764814
267,Juan 267,Perez 267,5289217125,1651387
268,Juan 268,Perez 268,2110795182,5730725
269,Juan 269,Perez 269,4146229868,4454264
270,Juan 270,Perez 270,5654397093,3294760
271,Juan 271,Perez 271,7086907728,4759557
272,Juan 272,Perez 272,6119105877,7160805
273,Juan 273,Perez 273,1792784930,2893673
274,Juan 274,Perez 274,4552788829,7298601
275,Juan 275,Perez 275,6608242688,1675306
276,Juan 276,Perez 276,9409334692,8679621
277,Juan 277,Perez 277,3224390142,7886320
278,Juan 278,Perez 278,4063587835,8951144
279,Juan 279,Perez 279,9077236704,5944909
280,Juan 280,Perez 280,5944186681,4781363
281,Juan 281,Perez 281,4298903265,4824547
282,Juan 282,Perez 282,5155388453,2685576
283,Juan 283,Perez 283,4659145670,2155183
284,Juan 284,Perez 284,1024859777,3203726
285,Juan 285,Perez 285,5508672548,1177849
286,Juan 286,Perez 286,6989907047,2782937
287,Juan 287,Perez 287,8939299719,6836077
288,Juan 288,Perez 288,6236619078,7448532
289,Juan 289,Perez 289,1786994610,3762842
290,Juan 290,Perez 290,8456018690,3241244
291,Juan 291,Perez 291,1229758026,4592961
292,Juan 292,Perez 292,8428339603,1084341
293,Juan 293,Perez 293,6938502418,7583936
294,Juan 294,Perez 294,6814936225,2297945
295,Juan 295,Perez 295,2307515963,3406643
296,Juan 296,Perez 296,8790919320,1768091
297,Juan 297,Perez 297,4346539197,3920532
298,Juan 298,Perez 298,1638825592,2591920
299,Juan 299,Perez 299,2338576471,6600934
300,Juan 300,Perez 300,6890711243,9420163
301,Juan 301,Perez 301,6844597099,5526268
302,Juan 302,Perez 302,1483508160,9346610
303,Juan 303,Perez 303,7095941328,5100356
304,Juan 304,Perez 304,5966740474,7904258
305,Juan 305,Perez 305,9159439160,8301021
306,Juan 306,Perez 306,5786454601,7218198
307,Juan 307,Perez 307,1309986897,4090534
308,Juan 308,Perez 308,7872675757,3156243
309,Juan 309,Perez 309,8806186718,7000667
310,Juan 310,Perez 310,6772065766,5492892
311,Juan 311,Perez 311,3552835532,5589703
312,Juan 312,Perez 312,8301075889,2995237
313,Juan 313,Perez 313,9657836501,6698947
314,Juan 314,Perez 314,4326483474,4241311
315,Juan 315,Perez 315,2051869587,9288107
316,Juan 316,Perez 316,8514850637,2923114
317,Juan 317,Perez 317,7492983313,8473867
318,Juan 318,Perez 318,3499353326,9427467
319,Juan 319,Perez 319,8083280042,5700293
320,Juan 320,Perez 320,8784482194,7430425
321,Juan 321,Perez 321,5898010148,9601937
322,Juan 322,Perez 322,8762693535,6368074
323,Juan 323,Perez 323,5486244288,4218425
324,Juan 324,Perez 324,2638292727,7574396
325,Juan 325,Perez 325,5969342924,4344817
326,Juan 326,Perez 326,2235787668,5585469
327,Juan 327,Perez 327,9770379661,2351325
328,Juan 328,Perez 328,6487835987,9356642
329,Juan 329,Perez 329,3941091005,4875153
330,Juan 330,Perez 330,1113017840,4265263
331,Juan 331,Perez 331,4662095799,3838512
332,Juan 332,Perez 332,3933514493,7199718
333,Juan 333,Perez 333,3549342884,5869836
334,Juan 334,Perez 334,7052775739,4102185
335,Juan 335,Perez 335,4303738072,6440408
336,Juan 336,Perez 336,4526833399,9082812
337,Juan 337,Perez 337,5285920254,5047387
338,Juan 338,Perez 338,4160104890,8771466
339,Juan 339,Perez 339,4766830680,4927643
340,Juan 340,Perez 340,1945231229,8277957
341,Juan 341,Perez 341,8137914551,3203527
342,Juan 342,Perez 342,2426356109,7062154
343,Juan 343,Perez 343,4892198045,9003937
344,Juan 344,Perez 344,5901774997,7829562
345,Juan 345,Perez 345,2828139856,3217411
346,Juan 346,Perez 346,7790862013,9452712
347,Juan 347,Perez 347,5667126351,7384009
348,Juan 348,Perez 348,5021911688,5556690
349,Juan 349,Perez 349,4377378590,6039989
350,Juan 350,Perez 350,1224091041,9920303
351,Juan 351,Perez 351,8433018922,2491466
352,Juan 352,Perez 352,9288823238,3198080
353,Juan 353,Perez 353,2506974919,9772536
354,Juan 354,Perez 354,2088561658,1325877
355,Juan 355,Perez 355,4363290339,9874225
356,Juan 356,Perez 356,3249997822,5401300
357,Juan 357,Perez 357,5113025430,8968096
358,Juan 358,Perez 358,6721064625,8695963
359,Juan 359,Perez 359,7728820147,4114409
360,Juan 360,Perez 360,2169322902,8528110
361,Juan 361,Perez 361,5913767085,1602770
362,Juan 362,Perez 362,4062982274,9178290
363,Juan 363,Perez 363,5153250682,4980871
364,Juan 364,Perez 364,2075865774,9004837
365,Juan 365,Perez 365,1376959913,8300850
366,Juan 366,Perez 366,3575479864,5532639
367,Juan 367,Perez 367,9768719928,9150107
368,Juan 368,Perez 368,9102904851,2790014
369,Juan 369,Perez 369,4783878616,4532963
370,Juan 370,Perez 370,2816971508,3381732
371,Juan 371,Perez 371,3426726603,1214074
372,Juan 372,Perez 372,6861121200,9569090
373,Juan 373,Perez 373,5438650212,8675154
374,Juan 374,Perez 374,8411612939,7968333
375,Juan 375,Perez 375,3227797537,5511116
376,Juan 376,Perez 376,2186774485,8829851
377,Juan 377,Perez 377,2514480608,3881429
378,Juan 378,Perez 378,1543083806,2878453
379,Juan 379,Perez 379,7551370313,7535919
380,Juan 380,Perez 380,8010114349,5196359
381,Juan 381,Perez 381,7226283108,6726037
382,Juan 382,Perez 382,2697835275,8908942
383,Juan 383,Perez 383,7010468161,4674456
384,Juan 384,Perez 384,2847964411,1342334
385,Juan 385,Perez 385,2156743984,4396553
386,Juan 386,Perez 386,5058014209,5209470
387,Juan 387,Perez 387,2746418611,6891282
388,Juan 388,Perez 388,7248272221,2809044
389,Juan 389,Perez 389,8775191018,5128106
390,Juan 390,Perez 390,4317007699,2375910
391,Juan 391,Perez 391,9540562310,6922298
392,Juan 392,Perez 392,3795980234,8123921
393,Juan 393,Perez 393,7479710137,6099392
394,Juan 394,Perez 394,8936769205,3413239
395,Juan 395,Perez 395,8237530884,2987221
396,Juan 396,Perez 396,4193992520,5354646
397,Juan 397,Perez 397,1139856541,2159990
398,Juan 398,Perez 398,8672319959,3249344
399,Juan 399,Perez 399,4090540804,2781121
400,Juan 400,Perez 400,5902994207,5905207
401,Juan 401,Perez 401,1182221283,8806384
402,Juan 402,Perez 402,6296377008,4169988
403,Juan 403,Perez 403,9605632957,1501775
404,Juan 404,Perez 404,8007112633,6357355
405,Juan 405,Perez 405,4034933344,5360802
406,Juan 406,Perez 406,5530028432,3622668
407,Juan 407,Perez 407,1651905666,8884775
408,Juan 408,Perez 408,9330126617,8161971
409,Juan 409,Perez 409,4691221597,4340185
410,Juan 410,Perez 410,1085223060,1136687
411,Juan 411,Perez 411,5341114609,2832903
412,Juan 412,Perez 412,4369930115,8183562
413,Juan 413,Perez 413,7117253907,6648768
414,Juan 414,Perez 414,1123239775,8280159
415,Juan 415,Perez 415,6764893951,3113945
416,Juan 416,Perez 416,2693591588,4090525
417,Juan 417,Perez 417,3540064315,6555580
418,Juan 418,Perez 418,6041188509,2819747
419,Juan 419,Perez 419,4409160624,4513276
420,Juan 420,Perez 420,2658546202,1725191
421,Juan 421,Perez 421,9494089930,9422729
422,Juan 422,Perez 422,7179319210,3148672
423,Juan 423,Perez 423,5705286174,8732643
424,Juan 424,Perez 424,5175708688,6759684
425,Juan 425,Perez 425,2392348572,3381766
426,Juan 426,Perez 426,6733156014,8278347
427,Juan 427,Perez 427,1748524811,1487556
428,Juan 428,Perez 428,7154910320,5650094
429,Juan 429,Perez 429,4155653539,3139379
430,Juan 430,Perez 430,2658370765,3523586
431,Juan 431,Perez 431,2215906682,5128975
432,Juan 432,Perez 432,1017300334,7993925
433,Juan 433,Perez 433,1340535600,2285356
434,Juan 434,Perez 434,6938498382,9338080
435,Juan 435,Perez 435,4431726097,6095552
436,Juan 436,Perez 436,4914714787,8732967
437,Juan 437,Perez 437,4464718321,5038607
438,Juan 438,Perez 438,1939582021,9219807
439,Juan 439,Perez 439,8339024953,4597893
440,Juan 440,Perez 440,1158095082,2338889
441,Juan 441,Perez 441,4702483707,1819750
442,Juan 442,Perez 442,6202159727,3698137
443,Juan 443,Perez 443,7624906922,9145343
444,Juan 444,Perez 444,8484071045,9438430
445,Juan 445,Perez 445,8846692506,2011291
446,Juan 446,Perez 446,5208765086,7687342
447,Juan 447,Perez 447,7621895007,5416309
448,Juan 448,Perez 448,3108837130,6951427
449,Juan 449,Perez 449,9869540736,5632567
450,Juan 450,Perez 450,5432712527,4160145
451,Juan 451,Perez 451,9469369925,3194160
452,Juan 452,Perez 452,1635339659,2709936
453,Juan 453,Perez 453,8348207145,4008842
454,Juan 454,Perez 454,6060997903,6153261
455,Juan 455,Perez 455,4218347659,7221323
456,Juan 456,Perez 456,3681748668,7619349
457,Juan 457,Perez 457,5588504249,7969472
458,Juan 458,Perez 458,2884520528,4741727
459,Juan 459,Perez 459,6503846082,7891515
460,Juan 460,Perez 460,1010820675,5990225
461,Juan 461,Perez 461,3527861782,1136804
462,Juan 462,Perez 462,2904601380,8298838
463,Juan 463,Perez 463,1324143382,5613069
464,Juan 464,Perez 464,7178148211,6934314
465,Juan 465,Perez 465,9003342990,7168200
466,Juan 466,Perez 466,4830541815,6581575
467,Juan 467,Perez 467,5397513005,8056048
468,Juan 468,Perez 468,2144732808,4212832
469,Juan 469,Perez 469,7723158309,6319232
470,Juan 470,Perez 470,1570812343,3387273
471,Juan 471,Perez 471,8603428318,7796053
472,Juan 472,Perez 472,5887503659,8472479
473,Juan 473,Perez 473,5491142336,6882263
474,Juan 474,Perez 474,2976913783,9099661
475,Juan 475,Perez 475,5737626949,8680512
476,Juan 476,Perez 476,9540560202,8133734
477,Juan 477,Perez 477,2224630660,6229112
478,Juan 478,Perez 478,6597161410,2827333
479,Juan 479,Perez 479,4927004453,8147595
480,Juan 480,Perez 480,6944761066,8796488
481,Juan 481,Perez 481,7018292940,8298174
482,Juan 482,Perez 482,2230708332,2630616
483,Juan 483,Perez 483,3394266432,1495470
484,Juan 484,Perez 484,4022882582,8733840
485,Juan 485,Perez 485,6969000641,3607552
486,Juan 486,Perez 486,4571908033,7639565
487,Juan 487,Perez 487,7012132384,6431114
488,Juan 488,Perez 488,5001919843,6209601
489,Juan 489,Perez 489,1129755980,5482681
490,Juan 490,Perez 490,6781696552,9592172
491,Juan 491,Perez 491,1275701845,5486949
492,Juan 492,Perez 492,8787390969,6896094
493,Juan 493,Perez 493,4680691430,7239421
494,Juan 494,Perez 494,1924548734,9189323
495,Juan 495,Perez 495,1092074230,4982166
496,Juan 496,Perez 496,9954568475,3019776
497,Juan 497,Perez 497,3342148320,1390305
498,Juan 498,Perez 498,6933852304,5852417
499,Juan 499,Perez 499,6560974156,7668358
500,Juan 500,Perez 500,8763758420,5218772
